ABEL MESQUITA JR.;5310756;231;RR=DEM;178957;ABEL MESQUITA JR.
ADAIL CARNEIRO;5310601;2392;CE=PP;178864;ADAIL CARNEIRO
ADALBERTO CAVALCANTI;5310364;23138;PE=PTB;178914;ADALBERTO CAVALCANTI
ADELMO CARNEIRO LEÃO;5310314;23221;MG=PT;178890;ADELMO CARNEIRO LEÃO
ADELSON BARRETO;5310370;23175;SE=PR;178968;ADELSON BARRETO
ADILTON SACHETTI;5310628;23401;MT=PSB;178903;ADILTON SACHETTI
AELTON FREITAS;5310322;23224;MG=PR;141372;AELTON FREITAS
AFONSO FLORENCE;5310319;23182;BA=PT;160508;AFONSO FLORENCE
AFONSO HAMM;5310647;23487;RS=PP;136811;AFONSO HAMM
AFONSO MOTTA;5310619;23490;RS=PDT;178835;AFONSO MOTTA
AGUINALDO RIBEIRO;5310568;23129;PB=PP;160527;AGUINALDO RIBEIRO
ALAN RICK;5310326;2353;AC=PRB;178836;ALAN RICK
ALBERTO FILHO;5310840;23548;MA=PMDB;160582;ALBERTO FILHO
ALBERTO FRAGA;5310472;23410;DF=DEM;73579;ALBERTO FRAGA
ALCEU MOREIRA;5310689;23486;RS=PMDB;160559;ALCEU MOREIRA
ALESSANDRO MOLON;5310329;23287;RJ=REDE;160511;ALESSANDRO MOLON
ALEX CANZIANI;5310426;23445;PR=PTB;73458;ALEX CANZIANI
ALEX MANENTE;5310591;23331;SP=PPS;178972;ALEX MANENTE
ALEXANDRE BALDY;5310373;23416;GO=PTN;178875;ALEXANDRE BALDY
ALEXANDRE LEITE;5310381;23334;SP=DEM;160545;ALEXANDRE LEITE
ALEXANDRE SERFIOTIS;5310747;23284;RJ=PMDB;178833;ALEXANDRE SERFIOTIS
ALEXANDRE VALLE;5310436;23285;RJ=PR;178936;ALEXANDRE VALLE
ALFREDO KAEFER;5310645;23451;PR=PSL;141454;ALFREDO KAEFER
ALFREDO NASCIMENTO;5310771;2336;AM=PR;178846;ALFREDO NASCIMENTO
ALICE PORTUGAL;5310470;23180;BA=PCdoB;74057;ALICE PORTUGAL
ALIEL MACHADO;5310336;23441;PR=REDE;178927;ALIEL MACHADO
ALTINEU CÔRTES;5310582;23286;RJ=PMDB;178937;ALTINEU CÔRTES
ALUISIO MENDES;5310565;2368;MA=PTN;178881;ALUISIO MENDES
ANA PERUGINI;5310779;23332;SP=PT;178973;ANA PERUGINI
ANDERSON FERREIRA;5310422;23142;PE=PR;160551;ANDERSON FERREIRA
ANDRÉ ABDON;5310650;239;AP=PP;178831;ANDRÉ ABDON
ANDRÉ DE PAULA;5310461;23140;PE=PSD;74471;ANDRÉ DE PAULA
ANDRÉ FUFUCA;5310768;2372;MA=PP;178882;ANDRÉ FUFUCA
ANDRE MOURA;5310799;23174;SE=PSC;160543;ANDRE MOURA
ANDRES SANCHEZ;5310481;23341;SP=PT;178974;ANDRES SANCHEZ
ANGELIM;5310541;2352;AC=PT;178837;ANGELIM
ANÍBAL GOMES;5310497;2387;CE=PMDB;74212;ANÍBAL GOMES
ANTONIO BRITO;5310609;23189;BA=PSD;160553;ANTONIO BRITO
ANTONIO BULHÕES;5310625;23333;SP=PRB;141383;ANTONIO BULHÕES
ANTONIO IMBASSAHY;5310702;23191;BA=PSDB;160530;ANTONIO IMBASSAHY
ANTÔNIO JÁCOME;5310587;23121;RN=PTN;178950;ANTÔNIO JÁCOME
ARIOSTO HOLANDA;5310847;23555;CE=PDT;74103;ARIOSTO HOLANDA
ARLINDO CHINAGLIA;5310761;23336;SP=PT;73433;ARLINDO CHINAGLIA
ARNALDO FARIA DE SÁ;5310487;23337;SP=PTB;73434;ARNALDO FARIA DE SÁ
ARNALDO JARDIM;5310368;23339;SP=PPS;141391;ARNALDO JARDIM
ARNALDO JORDY;5310744;2318;PA=PPS;160602;ARNALDO JORDY
ARNON BEZERRA;5310664;2390;CE=PTB;74291;ARNON BEZERRA
AROLDE DE OLIVEIRA;5310793;23288;RJ=PSC;74833;AROLDE DE OLIVEIRA
ARTHUR LIRA;5310321;23162;AL=PP;160541;ARTHUR LIRA
ARTHUR OLIVEIRA MAIA;5310788;23192;BA=PPS;160600;ARTHUR OLIVEIRA MAIA
ARTHUR VIRGÍLIO BISNETO;5310441;2337;AM=PSDB;178847;ARTHUR VIRGÍLIO BISNETO
ASSIS CARVALHO;5310359;23111;PI=PT;159237;ASSIS CARVALHO
ASSIS DO COUTO;5310386;23443;PR=PDT;74378;ASSIS DO COUTO
ÁTILA LINS;5310571;2338;AM=PSD;74090;ÁTILA LINS
ÁTILA LIRA;5310530;23109;PI=PSB;74459;ÁTILA LIRA
AUGUSTO CARVALHO;5310433;23411;DF=SD;73655;AUGUSTO CARVALHO
AUGUSTO COUTINHO;5310811;23528;PE=SD;160665;AUGUSTO COUTINHO
AUREO;5310465;23290;RJ=SD;160512;AUREO
BACELAR;5310536;23184;BA=PTN;69871;BACELAR
BALEIA ROSSI;5310607;23342;SP=PMDB;178975;BALEIA ROSSI
BEBETO;5310613;23185;BA=PSB;178834;BEBETO
BENEDITA DA SILVA;5310660;23291;RJ=PT;73701;BENEDITA DA SILVA
BENITO GAMA;5310741;23190;BA=PTB;74535;BENITO GAMA
BENJAMIN MARANHÃO;5310769;23131;PB=SD;74040;BENJAMIN MARANHÃO
BETINHO GOMES;5310545;23141;PE=PSDB;178915;BETINHO GOMES
BETO FARO;5310714;2319;PA=PT;141335;BETO FARO
BETO MANSUR;5310451;23340;SP=PRB;73437;BETO MANSUR
BETO ROSADO;5310685;23122;RN=PP;178948;BETO ROSADO
BETO SALAME;5310637;2320;PA=PP;178906;BETO SALAME
BILAC PINTO;5310796;23232;MG=PR;141513;BILAC PINTO
BOHN GASS;5310655;23499;RS=PT;160538;BOHN GASS
BONIFÁCIO DE ANDRADA;5310755;23222;MG=PSDB;74650;BONIFÁCIO DE ANDRADA
BRUNA FURLAN;5310665;23335;SP=PSDB;160589;BRUNA FURLAN
BRUNNY;5310695;23223;MG=PR;178999;BRUNNY
BRUNO ARAÚJO;5310294;23146;PE=PSDB;141394;BRUNO ARAÚJO
BRUNO COVAS;5310738;23343;SP=PSDB;178976;BRUNO COVAS
CABO DACIOLO;5310757;23289;RJ=PTdoB;178938;CABO DACIOLO
CABO SABINO;5310773;2394;CE=PR;178865;CABO SABINO
CABUÇU BORGES;5310572;2314;AP=PMDB;105112;CABUÇU BORGES
CACÁ LEÃO;5310296;23193;BA=PP;93083;CACÁ LEÃO
CAETANO;5310486;23196;BA=PT;178853;CAETANO
CAIO NARCIO;5310543;23225;MG=PSDB;178891;CAIO NARCIO
CAPITÃO AUGUSTO;5310434;23346;SP=PR;178829;CAPITÃO AUGUSTO
CAPITÃO FÁBIO ABREU;5310295;23112;PI=PTB;178924;CAPITÃO FÁBIO ABREU
CARLOS ANDRADE;5310456;233;RR=PHS;178958;CARLOS ANDRADE
CARLOS BEZERRA;5310791;23400;MT=PMDB;141401;CARLOS BEZERRA
CARLOS GOMES;5310302;23492;RS=PRB;178962;CARLOS GOMES
CARLOS HENRIQUE GAGUIM;5310622;2360;TO=PTN;178993;CARLOS HENRIQUE GAGUIM
CARLOS MANATO;5310639;23275;ES=SD;74163;CARLOS MANATO
CARLOS MARUN;5310595;23433;MS=PMDB;178900;CARLOS MARUN
CARLOS MELLES;5310719;23226;MG=DEM;74651;CARLOS MELLES
CARLOS SAMPAIO;5310711;23338;SP=PSDB;74262;CARLOS SAMPAIO
CARLOS ZARATTINI;5310561;23398;SP=PT;141398;CARLOS ZARATTINI
CARMEN ZANOTTO;5310630;23477;SC=PPS;164360;CARMEN ZANOTTO
CÉLIO SILVEIRA;5310585;23417;GO=PSDB;178876;CÉLIO SILVEIRA
CELSO MALDANER;5310413;23472;SC=PMDB;141405;CELSO MALDANER
CELSO PANSERA;5310473;23292;RJ=PMDB;72912;CELSO PANSERA
CELSO RUSSOMANNO;5310790;23347;SP=PRB;73441;CELSO RUSSOMANNO
CÉSAR HALUM;5310525;2364;TO=PRB;160576;CÉSAR HALUM
CÉSAR MESSIAS;5310698;2355;AC=PSB;178838;CÉSAR MESSIAS
CESAR SOUZA;5310492;23479;SC=PSD;73720;CESAR SOUZA
CHICO ALENCAR;5310653;23295;RJ=PSOL;74171;CHICO ALENCAR
CHICO D''ANGELO;5310298;23293;RJ=PT;141439;CHICO D''ANGELO
CHICO LOPES;5310690;2388;CE=PCdoB;141440;CHICO LOPES
CHRISTIANE DE SOUZA YARED;5310531;23442;PR=PR;178928;CHRISTIANE DE SOUZA YARED
CÍCERO ALMEIDA;5310797;23165;AL=PMDB;178841;CÍCERO ALMEIDA
CLARISSA GAROTINHO;5310658;23294;RJ=PR;178939;CLARISSA GAROTINHO
CLAUDIO CAJADO;5310679;23186;BA=DEM;74537;CLAUDIO CAJADO
CLEBER VERDE;5310455;2370;MA=PRB;141408;CLEBER VERDE
CONCEIÇÃO SAMPAIO;5310629;2341;AM=PP;178848;CONCEIÇÃO SAMPAIO
COVATTI FILHO;5310523;23493;RS=PP;178963;COVATTI FILHO
CRISTIANE BRASIL;5310347;23296;RJ=PTB;93472;CRISTIANE BRASIL
DAGOBERTO;5310399;23434;MS=PDT;141411;DAGOBERTO
DAMIÃO FELICIANO;5310673;23127;PB=PDT;74467;DAMIÃO FELICIANO
DÂMINA PEREIRA;5310705;23227;MG=PSL;178892;DÂMINA PEREIRA
DANIEL ALMEIDA;5310345;23188;BA=PCdoB;74060;DANIEL ALMEIDA
DANIEL COELHO;5310748;23144;PE=PSDB;178916;DANIEL COELHO
DANIEL VILELA;5310692;23420;GO=PMDB;144523;DANIEL VILELA
DANILO CABRAL;5310335;23148;PE=PSB;160528;DANILO CABRAL
DANILO FORTE;5310390;2395;CE=PSB;62881;DANILO FORTE
DANRLEI DE DEUS HINTERHOLZ;5310726;23495;RS=PSD;160552;DANRLEI DE DEUS HINTERHOLZ
DARCÍSIO PERONDI;5310385;23491;RS=PMDB;73891;DARCÍSIO PERONDI
DAVIDSON MAGALHÃES;5310808;23525;BA=PCdoB;101309;DAVIDSON MAGALHÃES
DÉCIO LIMA;5310313;23475;SC=PT;141413;DÉCIO LIMA
DELEGADO ÉDER MAURO;5310498;2322;PA=PSD;178908;DELEGADO ÉDER MAURO
DELEGADO EDSON MOREIRA;5310363;23229;MG=PR;178893;DELEGADO EDSON MOREIRA
DELEGADO WALDIR;5310350;23421;GO=PR;164359;DELEGADO WALDIR
DELEY;5310564;23298;RJ=PTB;74172;DELEY
DIEGO ANDRADE;5310547;23228;MG=PSD;160588;DIEGO ANDRADE
DIEGO GARCIA;5310672;23447;PR=PHS;178929;DIEGO GARCIA
DILCEU SPERAFICO;5310651;23444;PR=PP;73768;DILCEU SPERAFICO
DIMAS FABIANO;5310297;23231;MG=PP;160599;DIMAS FABIANO
DOMINGOS NETO;5310652;2397;CE=PSD;143632;DOMINGOS NETO
DOMINGOS SÁVIO;5310599;23233;MG=PSDB;160758;DOMINGOS SÁVIO
DR. JOÃO;5310429;23299;RJ=PR;178940;DR. JOÃO
DR. JORGE SILVA;5310309;23278;ES=PHS;160643;DR. JORGE SILVA
DR. SINVAL MALHEIROS;5310623;23351;SP=PTN;178830;DR. SINVAL MALHEIROS
DUARTE NOGUEIRA;5310506;23350;SP=PSDB;141385;DUARTE NOGUEIRA
DULCE MIRANDA;5310311;2361;TO=PMDB;178994;DULCE MIRANDA
EDINHO ARAÚJO;5310510;23344;SP=PMDB;73447;EDINHO ARAÚJO
EDIO LOPES;5310686;232;RR=PR;141417;EDIO LOPES
EDMILSON RODRIGUES;5310604;2327;PA=PSOL;134812;EDMILSON RODRIGUES
EDUARDO BARBOSA;5310588;23230;MG=PSDB;74655;EDUARDO BARBOSA
EDUARDO BOLSONARO;5310315;23352;SP=PSC;92346;EDUARDO BOLSONARO
EDUARDO CUNHA;5310533;23300;RJ=PMDB;74173;EDUARDO CUNHA
EDUARDO CURY;5310529;23353;SP=PSDB;178977;EDUARDO CURY
EDUARDO DA FONTE;5310517;23156;PE=PP;141421;EDUARDO DA FONTE
EFRAIM FILHO;5310519;23128;PB=DEM;141422;EFRAIM FILHO
ELCIONE BARBALHO;5310325;2321;PA=PMDB;74075;ELCIONE BARBALHO
ELI CORRÊA FILHO;5310750;23345;SP=DEM;160532;ELI CORRÊA FILHO
ELIZEU DIONIZIO;5310829;23538;MS=PSDB;181316;ELIZEU DIONIZIO
ELIZIANE GAMA;5310448;2373;MA=PPS;178883;ELIZIANE GAMA
ELMAR NASCIMENTO;5310666;23198;BA=DEM;178854;ELMAR NASCIMENTO
ENIO VERRI;5310348;23449;PR=PT;132504;ENIO VERRI
ERIKA KOKAY;5310715;23407;DF=PT;160575;ERIKA KOKAY
ERIVELTON SANTANA;5310292;23194;BA=PEN;99654;ERIVELTON SANTANA
EROS BIONDINI;5310677;23242;MG=PROS;160640;EROS BIONDINI
ESPERIDIÃO AMIN;5310346;23471;SC=PP;160649;ESPERIDIÃO AMIN
EVAIR DE MELO;5310535;23274;ES=PV;178871;EVAIR DE MELO
EVANDRO GUSSI;5310649;23354;SP=PV;178828;EVANDRO GUSSI
EVANDRO ROMAN;5310516;23452;PR=PSD;178930;EVANDRO ROMAN
EXPEDITO NETTO;5310550;2344;RO=PSD;178953;EXPEDITO NETTO
EZEQUIEL TEIXEIRA;5310620;23303;RJ=PTN;178941;EZEQUIEL TEIXEIRA
FÁBIO FARIA;5310349;23119;RN=PSD;141428;FÁBIO FARIA
FABIO GARCIA;5310459;23403;MT=PSB;178905;FABIO GARCIA
FÁBIO MITIDIERI;5310569;23177;SE=PSD;178969;FÁBIO MITIDIERI
FÁBIO RAMALHO;5310552;23238;MG=PMDB;141427;FÁBIO RAMALHO
FABIO REIS;5310680;23178;SE=PMDB;171623;FABIO REIS
FÁBIO SOUSA;5310415;23426;GO=PSDB;178877;FÁBIO SOUSA
FAUSTO PINATO;5310338;23355;SP=PP;66828;FAUSTO PINATO
FELIPE BORNIER;5310600;23301;RJ=PROS;141430;FELIPE BORNIER
FELIPE MAIA;5310330;23120;RN=DEM;141429;FELIPE MAIA
FÉLIX MENDONÇA JÚNIOR;5310443;23195;BA=PDT;160666;FÉLIX MENDONÇA JÚNIOR
FERNANDO COELHO FILHO;5310678;23158;PE=PSB;141431;FERNANDO COELHO FILHO
FERNANDO FRANCISCHINI;5310383;23450;PR=SD;160646;FERNANDO FRANCISCHINI
FERNANDO JORDÃO;5310642;23310;RJ=PMDB;163831;FERNANDO JORDÃO
FERNANDO TORRES;5310806;23523;BA=PSD;160676;FERNANDO TORRES
FLÁVIA MORAIS;5310778;23422;GO=PDT;160598;FLÁVIA MORAIS
FLAVIANO MELO;5310742;2354;AC=PMDB;141434;FLAVIANO MELO
FLAVINHO;5310493;23357;SP=PSB;178978;FLAVINHO
FLORIANO PESARO;5310671;23358;SP=PSDB;178979;FLORIANO PESARO
FRANCISCO CHAPADINHA;5310337;2328;PA=PTN;178907;FRANCISCO CHAPADINHA
FRANCISCO FLORIANO;5310707;23297;RJ=DEM;160677;FRANCISCO FLORIANO
FRANKLIN LIMA;5310835;23544;MG=PP;186775;FRANKLIN LIMA
GABRIEL GUIMARÃES;5310611;23244;MG=PT;129037;GABRIEL GUIMARÃES
GENECIAS NORONHA;5310384;2399;CE=SD;160669;GENECIAS NORONHA
GEORGE HILTON;5310739;23241;MG=PROS;141441;GEORGE HILTON
GEOVANIA DE SÁ;5310539;23482;SC=PSDB;178966;GEOVANIA DE SÁ
GERALDO RESENDE;5310512;23435;MS=PSDB;74374;GERALDO RESENDE
GIACOBO;5310713;23466;PR=PR;74383;GIACOBO
GILBERTO NASCIMENTO;5310514;23360;SP=PSC;74270;GILBERTO NASCIMENTO
GIOVANI CHERINI;5310766;23502;RS=PDT;160673;GIOVANI CHERINI
GIUSEPPE VECCI;5310559;23429;GO=PSDB;178878;GIUSEPPE VECCI
GIVALDO CARIMBÃO;5310400;23166;AL=PHS;74558;GIVALDO CARIMBÃO
GIVALDO VIEIRA;5310706;23276;ES=PT;178872;GIVALDO VIEIRA
GLAUBER BRAGA;5310397;23304;RJ=PSOL;152605;GLAUBER BRAGA
GONZAGA PATRIOTA;5310575;23143;PE=PSB;74419;GONZAGA PATRIOTA
GORETE PEREIRA;5310366;23100;CE=PR;129618;GORETE PEREIRA
GOULART;5310382;23361;SP=PSD;178980;GOULART
GUILHERME MUSSI;5310578;23348;SP=PP;160667;GUILHERME MUSSI
HEITOR SCHUCH;5310703;23504;RS=PSB;178964;HEITOR SCHUCH
HELDER SALOMÃO;5310351;23279;ES=PT;178873;HELDER SALOMÃO
HÉLIO LEITE;5310299;2332;PA=DEM;178909;HÉLIO LEITE
HENRIQUE FONTANA;5310527;23498;RS=PT;73482;HENRIQUE FONTANA
HERÁCLITO FORTES;5310716;23115;PI=PSB;97707;HERÁCLITO FORTES
HERCULANO PASSOS;5310513;23362;SP=PSD;178981;HERCULANO PASSOS
HERMES PARCIANELLO;5310423;23448;PR=PMDB;73772;HERMES PARCIANELLO
HEULER CRUVINEL;5310638;23423;GO=PSD;160596;HEULER CRUVINEL
HILDO ROCHA;5310656;2374;MA=PMDB;178884;HILDO ROCHA
HIRAN GONÇALVES;5310646;234;RR=PP;178959;HIRAN GONÇALVES
HISSA ABRAHÃO;5310728;2342;AM=PDT;178849;HISSA ABRAHÃO
HUGO LEAL;5310320;23306;RJ=PSB;141450;HUGO LEAL
HUGO MOTTA;5310343;23132;PB=PMDB;160674;HUGO MOTTA
INDIO DA COSTA;5310731;23315;RJ=PSD;141389;INDIO DA COSTA
IRACEMA PORTELLA;5310389;23113;PI=PP;67138;IRACEMA PORTELLA
IRAJÁ ABREU;5310444;2365;TO=PSD;81232;IRAJÁ ABREU
IRMÃO LAZARO;5310324;23199;BA=PSC;178855;IRMÃO LAZARO
IVAN VALENTE;5310668;23359;SP=PSOL;73531;IVAN VALENTE
IZALCI;5310526;23408;DF=PSDB;4931;IZALCI
JAIME MARTINS;5310468;23240;MG=PSD;74665;JAIME MARTINS
JAIR BOLSONARO;5310721;23302;RJ=PSC;74847;JAIR BOLSONARO
JANDIRA FEGHALI;5310367;23305;RJ=PCdoB;74848;JANDIRA FEGHALI
JANETE CAPIBERIBE;5310358;2310;AP=PSB;73926;JANETE CAPIBERIBE
JARBAS VASCONCELOS;5310323;23147;PE=PMDB;131943;JARBAS VASCONCELOS
JEAN WYLLYS;5310725;23307;RJ=PSOL;160672;JEAN WYLLYS
JEFFERSON CAMPOS;5310439;23349;SP=PSD;74273;JEFFERSON CAMPOS
JERÔNIMO GOERGEN;5310478;23505;RS=PP;160570;JERÔNIMO GOERGEN
JÉSSICA SALES;5310403;2356;AC=PMDB;178839;JÉSSICA SALES
JHC;5310555;23167;AL=PSB;178842;JHC
JHONATAN DE JESUS;5310341;235;RR=PRB;160531;JHONATAN DE JESUS
JÔ MORAES;5310724;23246;MG=PCdoB;141503;JÔ MORAES
JOÃO ARRUDA;5310612;23455;PR=PMDB;160573;JOÃO ARRUDA
JOÃO CAMPOS;5310462;23418;GO=PRB;74366;JOÃO CAMPOS
JOÃO CARLOS BACELAR;5310780;23187;BA=PR;141458;JOÃO CARLOS BACELAR
JOÃO CASTELO;5310718;2375;MA=PSDB;74445;JOÃO CASTELO
JOÃO DANIEL;5310751;23179;SE=PT;178970;JOÃO DANIEL
JOÃO DERLY;5310412;23514;RS=REDE;178965;JOÃO DERLY
JOÃO FERNANDO COUTINHO;5310583;23149;PE=PSB;178917;JOÃO FERNANDO COUTINHO
JOÃO GUALBERTO;5310693;23200;BA=PSDB;178856;JOÃO GUALBERTO
JOÃO MARCELO SOUZA;5310331;2376;MA=PMDB;112437;JOÃO MARCELO SOUZA
JOÃO PAULO KLEINÜBING;5310661;23485;SC=PSD;178967;JOÃO PAULO KLEINÜBING
JOÃO PAULO PAPA;5310586;23364;SP=PSDB;178988;JOÃO PAULO PAPA
JOÃO RODRIGUES;5310304;23473;SC=PSD;160571;JOÃO RODRIGUES
JOAQUIM PASSARINHO;5310502;2333;PA=PSD;178910;JOAQUIM PASSARINHO
JONY MARCOS;5310396;23181;SE=PRB;178971;JONY MARCOS
JORGE BOEIRA;5310500;23474;SC=PP;74388;JORGE BOEIRA
JORGE CÔRTE REAL;5310621;23150;PE=PTB;160572;JORGE CÔRTE REAL
JORGE SOLLA;5310414;23204;BA=PT;178857;JORGE SOLLA
JORGE TADEU MUDALEN;5310590;23363;SP=DEM;73535;JORGE TADEU MUDALEN
JORGINHO MELLO;5310670;23476;SC=PR;160509;JORGINHO MELLO
JOSÉ AIRTON CIRILO;5310501;23101;CE=PT;141464;JOSÉ AIRTON CIRILO
JOSÉ CARLOS ALELUIA;5310579;23207;BA=DEM;74553;JOSÉ CARLOS ALELUIA
JOSÉ CARLOS ARAÚJO;5310760;23197;BA=PR;74140;JOSÉ CARLOS ARAÚJO
JOSÉ FOGAÇA;5310830;23539;RS=PMDB;131966;JOSÉ FOGAÇA
JOSÉ GUIMARÃES;5310597;23103;CE=PT;141470;JOSÉ GUIMARÃES
JOSÉ MENTOR;5310475;23367;SP=PT;74275;JOSÉ MENTOR
JOSÉ NUNES;5310570;23201;BA=PSD;160619;JOSÉ NUNES
JOSÉ OTÁVIO GERMANO;5310798;23501;RS=PP;74395;JOSÉ OTÁVIO GERMANO
JOSÉ PRIANTE;5310495;2326;PA=PMDB;74079;JOSÉ PRIANTE
JOSÉ REINALDO;5310354;2377;MA=PSB;73714;JOSÉ REINALDO
JOSÉ ROCHA;5310789;23203;BA=PR;74554;JOSÉ ROCHA
JOSE STÉDILE;5310377;23506;RS=PSB;160607;JOSE STÉDILE
JOSI NUNES;5310528;2362;TO=PMDB;114941;JOSI NUNES
JOSUÉ BENGTSON;5310632;2330;PA=PTB;74351;JOSUÉ BENGTSON
JOVAIR ARANTES;5310361;23419;GO=PTB;73666;JOVAIR ARANTES
JOZI ARAÚJO;5310308;2311;AP=PTN;178851;JOZI ARAÚJO
JÚLIA MARINHO;5310699;2334;PA=PSC;67312;JÚLIA MARINHO
JÚLIO CESAR;5310694;23114;PI=PSD;74317;JÚLIO CESAR
JÚLIO DELGADO;5310574;23250;MG=PSB;73586;JÚLIO DELGADO
JULIO LOPES;5310411;23308;RJ=PP;74253;JULIO LOPES
JUNIOR MARRECA;5310432;2378;MA=PEN;178885;JUNIOR MARRECA
JUSCELINO FILHO;5310606;2379;MA=DEM;178886;JUSCELINO FILHO
JUTAHY JUNIOR;5310416;23206;BA=PSDB;74570;JUTAHY JUNIOR
KAIO MANIÇOBA;5310758;23151;PE=PMDB;178918;KAIO MANIÇOBA
KEIKO OTA;5310730;23356;SP=PSB;160659;KEIKO OTA
LAERCIO OLIVEIRA;5310362;23176;SE=SD;151208;LAERCIO OLIVEIRA
LAERTE BESSA;5310785;23412;DF=PR;141478;LAERTE BESSA
LAUDIVIO CARVALHO;5310484;23234;MG=SD;178894;LAUDIVIO CARVALHO
LÁZARO BOTELHO;5310290;2363;TO=PP;141480;LÁZARO BOTELHO
LEANDRE;5310676;23453;PR=PV;178832;LEANDRE
LELO COIMBRA;5310469;23277;ES=PMDB;141562;LELO COIMBRA
LEO DE BRITO;5310505;2357;AC=PT;178825;LEO DE BRITO
LEONARDO MONTEIRO;5310402;23253;MG=PT;74156;LEONARDO MONTEIRO
LEONARDO PICCIANI;5310339;23312;RJ=PMDB;74254;LEONARDO PICCIANI
LEONARDO QUINTÃO;5310466;23255;MG=PMDB;141482;LEONARDO QUINTÃO
LEÔNIDAS CRISTINO;5310786;2396;CE=PDT;74299;LEÔNIDAS CRISTINO
LEOPOLDO MEYER;5310499;23456;PR=PSB;160663;LEOPOLDO MEYER
LINCOLN PORTELA;5310687;23243;MG=PRB;74585;LINCOLN PORTELA
LINDOMAR GARÇON;5310734;2345;RO=PRB;141483;LINDOMAR GARÇON
LUCAS VERGILIO;5310727;23430;GO=SD;178879;LUCAS VERGILIO
LUCIANA SANTOS;5310532;23153;PE=PCdoB;160628;LUCIANA SANTOS
LUCIANO DUCCI;5310407;23457;PR=PSB;178931;LUCIANO DUCCI
LUCIO MOSQUINI;5310729;2346;RO=PMDB;178954;LUCIO MOSQUINI
LÚCIO VALE;5310567;2329;PA=PR;141484;LÚCIO VALE
LUCIO VIEIRA LIMA;5310430;23205;BA=PMDB;94931;LUCIO VIEIRA LIMA
LUIS CARLOS HEINZE;5310770;23500;RS=PP;73483;LUIS CARLOS HEINZE
LUIS TIBÉ;5310737;23251;MG=PTdoB;160510;LUIS TIBÉ
LUIZ CARLOS BUSATO;5310598;23488;RS=PTB;141485;LUIZ CARLOS BUSATO
LUIZ CARLOS HAULY;5310316;23454;PR=PSDB;73778;LUIZ CARLOS HAULY
LUIZ CARLOS RAMOS;5310522;23318;RJ=PTN;178802;LUIZ CARLOS RAMOS
LUIZ CLÁUDIO;5310435;2348;RO=PR;178955;LUIZ CLÁUDIO
LUIZ COUTO;5310317;23133;PB=PT;74041;LUIZ COUTO
LUIZ FERNANDO FARIA;5310610;23256;MG=PP;141487;LUIZ FERNANDO FARIA
LUIZ LAURO FILHO;5310696;23365;SP=PSB;178982;LUIZ LAURO FILHO
LUIZ NISHIMORI;5310410;23459;PR=PR;162332;LUIZ NISHIMORI
LUIZ SÉRGIO;5310521;23313;RJ=PT;74688;LUIZ SÉRGIO
LUIZA ERUNDINA;5310288;23371;SP=PSOL;74784;LUIZA ERUNDINA
LUIZIANNE LINS;5310427;2398;CE=PT;178866;LUIZIANNE LINS
MACEDO;5310605;23104;CE=PP;178867;MACEDO
MAGDA MOFATTO;5310735;23431;GO=PR;166402;MAGDA MOFATTO
MAJOR OLIMPIO;5310405;23368;SP=SD;178826;MAJOR OLIMPIO
MANDETTA;5310643;23436;MS=DEM;160633;MANDETTA
MANOEL JUNIOR;5310509;23130;PB=PMDB;141490;MANOEL JUNIOR
MARA GABRILLI;5310398;23366;SP=PSDB;160565;MARA GABRILLI
MARCELO ÁLVARO ANTÔNIO;5310404;23235;MG=PR;179000;MARCELO ÁLVARO ANTÔNIO
MARCELO ARO;5310596;23236;MG=PHS;146788;MARCELO ARO
MARCELO BELINATI;5310581;23461;PR=PP;178932;MARCELO BELINATI
MARCELO CASTRO;5310659;23110;PI=PMDB;74460;MARCELO CASTRO
MARCELO MATOS;5310762;23311;RJ=PHS;76287;MARCELO MATOS
MARCELO SQUASSONI;5310594;23369;SP=PRB;118594;MARCELO SQUASSONI
MARCIO ALVINO;5310720;23370;SP=PR;178983;MARCIO ALVINO
MÁRCIO MARINHO;5310454;23212;BA=PRB;150418;MÁRCIO MARINHO
MARCO ANTÔNIO CABRAL;5310700;23319;RJ=PMDB;178942;MARCO ANTÔNIO CABRAL
MARCO MAIA;5310634;23496;RS=PT;133373;MARCO MAIA
MARCO TEBALDI;5310440;23478;SC=PSDB;160536;MARCO TEBALDI
MARCON;5310794;23507;RS=PT;160535;MARCON
MARCOS ABRÃO;5310445;23432;GO=PPS;178880;MARCOS ABRÃO
MARCOS MONTES;5310537;23257;MG=PSD;141500;MARCOS MONTES
MARCOS REATEGUI;5310524;2312;AP=PSD;178852;MARCOS REATEGUI
MARCOS ROGÉRIO;5310471;2349;RO=DEM;167722;MARCOS ROGÉRIO
MARCOS ROTTA;5310431;2343;AM=PMDB;178850;MARCOS ROTTA
MARCOS SOARES;5310328;23321;RJ=DEM;178943;MARCOS SOARES
MARCUS PESTANA;5310743;23254;MG=PSDB;159238;MARCUS PESTANA
MARCUS VICENTE;5310562;23281;ES=PP;74235;MARCUS VICENTE
MARGARIDA SALOMÃO;5310442;23237;MG=PT;171619;MARGARIDA SALOMÃO
MARIA DO ROSÁRIO;5310300;23508;RS=PT;74398;MARIA DO ROSÁRIO
MARIA HELENA;5310765;236;RR=PSB;64960;MARIA HELENA
MARIANA CARVALHO;5310624;2351;RO=PSDB;178956;MARIANA CARVALHO
MARINALDO ROSENDO;5310476;23152;PE=PSB;178919;MARINALDO ROSENDO
MARINHA RAUPP;5310657;2350;RO=PMDB;74177;MARINHA RAUPP
MÁRIO HERINGER;5310467;23239;MG=PDT;74158;MÁRIO HERINGER
MÁRIO NEGROMONTE JR.;5310558;23208;BA=PP;178858;MÁRIO NEGROMONTE JR.
MARX BELTRÃO;5310777;23169;AL=PMDB;178843;MARX BELTRÃO
MAURÍCIO QUINTELLA LESSA;5310618;23168;AL=PR;74050;MAURÍCIO QUINTELLA LESSA
MAURO LOPES;5310615;23252;MG=PMDB;74749;MAURO LOPES
MAURO MARIANI;5310542;23480;SC=PMDB;141507;MAURO MARIANI
MAURO PEREIRA;5310831;23540;RS=PMDB;124411;MAURO PEREIRA
MAX FILHO;5310483;23282;ES=PSDB;178827;MAX FILHO
MENDONÇA FILHO;5310764;23154;PE=DEM;74428;MENDONÇA FILHO
MIGUEL CORRÊA;5310318;23261;MG=PT;141509;MIGUEL CORRÊA
MIGUEL HADDAD;5310360;23377;SP=PSDB;178984;MIGUEL HADDAD
MIGUEL LOMBARDI;5310556;23378;SP=PR;178985;MIGUEL LOMBARDI
MILTON MONTI;5310520;23374;SP=PR;74787;MILTON MONTI
MIRO TEIXEIRA;5310684;23317;RJ=REDE;74862;MIRO TEIXEIRA
MISAEL VARELLA;5310681;23245;MG=DEM;178895;MISAEL VARELLA
MISSIONÁRIO JOSÉ OLIMPIO;5310782;23375;SP=DEM;160561;MISSIONÁRIO JOSÉ OLIMPIO
MOEMA GRAMACHO;5310663;23210;BA=PT;178859;MOEMA GRAMACHO
MORONI TORGAN;5310717;23105;CE=DEM;74457;MORONI TORGAN
MOSES RODRIGUES;5310667;23106;CE=PMDB;178997;MOSES RODRIGUES
NELSON MARCHEZAN JUNIOR;5310428;23509;RS=PSDB;160567;NELSON MARCHEZAN JUNIOR
NELSON MARQUEZELLI;5310353;23381;SP=PTB;73553;NELSON MARQUEZELLI
NELSON MEURER;5310544;23458;PR=PP;73781;NELSON MEURER
NELSON PADOVANI;5310863;23567;PR=PSDB;160566;NELSON PADOVANI
NEWTON CARDOSO JR;5310372;23247;MG=PMDB;178896;NEWTON CARDOSO JR
NILSON LEITÃO;5310675;23405;MT=PSDB;166401;NILSON LEITÃO
NILSON PINTO;5310421;2331;PA=PSDB;74352;NILSON PINTO
NILTO TATTO;5310749;23382;SP=PT;178986;NILTO TATTO
NILTON CAPIXABA;5310458;2347;RO=PTB;74359;NILTON CAPIXABA
ODELMO LEÃO;5310327;23248;MG=PP;74752;ODELMO LEÃO
ODORICO MONTEIRO;5310301;23107;CE=PROS;178868;ODORICO MONTEIRO
ONYX LORENZONI;5310449;23510;RS=DEM;74399;ONYX LORENZONI
ORLANDO SILVA;5310446;23386;SP=PCdoB;178987;ORLANDO SILVA
OSMAR SERRAGLIO;5310293;23463;PR=PMDB;73463;OSMAR SERRAGLIO
OSMAR TERRA;5310557;23497;RS=PMDB;73692;OSMAR TERRA
OTAVIO LEITE;5310554;23316;RJ=PSDB;141515;OTAVIO LEITE
PADRE JOÃO;5310781;23259;MG=PT;160556;PADRE JOÃO
PAES LANDIM;5310740;23118;PI=PTB;74319;PAES LANDIM
PASTOR EURICO;5310387;23155;PE=PHS;160642;PASTOR EURICO
PATRUS ANANIAS;5310356;23249;MG=PT;74160;PATRUS ANANIAS
PAUDERNEY AVELINO;5310374;2340;AM=DEM;74095;PAUDERNEY AVELINO
PAULÃO;5310375;23170;AL=PT;171617;PAULÃO
PAULO ABI-ACKEL;5310616;23263;MG=PSDB;141516;PAULO ABI-ACKEL
PAULO AZI;5310391;23215;BA=DEM;178860;PAULO AZI
PAULO FEIJÓ;5310551;23323;RJ=PR;74017;PAULO FEIJÓ
PAULO FOLETTO;5310457;23280;ES=PSB;160517;PAULO FOLETTO
PAULO FREIRE;5310701;23380;SP=PR;160558;PAULO FREIRE
PAULO MAGALHÃES;5310592;23214;BA=PSD;74574;PAULO MAGALHÃES
PAULO MALUF;5310342;23373;SP=PP;132056;PAULO MALUF
PAULO MARTINS;5310864;23568;PR=PSDB;193726;PAULO MARTINS
PAULO PEREIRA DA SILVA;5310369;23372;SP=SD;141518;PAULO PEREIRA DA SILVA
PAULO PIMENTA;5310669;23513;RS=PT;74400;PAULO PIMENTA
PAULO TEIXEIRA;5310635;23376;SP=PT;141488;PAULO TEIXEIRA
PEDRO CHAVES;5310691;23428;GO=PMDB;74812;PEDRO CHAVES
PEDRO CUNHA LIMA;5310538;23135;PB=PSDB;178912;PEDRO CUNHA LIMA
PEDRO FERNANDES;5310633;2380;MA=PTB;74449;PEDRO FERNANDES
PEDRO PAULO;5310515;23314;RJ=PMDB;122158;PEDRO PAULO
PEDRO UCZAI;5310617;23481;SC=PT;160604;PEDRO UCZAI
PEDRO VILELA;5310787;23172;AL=PSDB;178844;PEDRO VILELA
PEPE VARGAS;5310709;23503;RS=PT;141445;PEPE VARGAS
POMPEO DE MATTOS;5310627;23516;RS=PDT;73486;POMPEO DE MATTOS
PR. MARCO FELICIANO;5310379;23379;SP=PSC;160601;PR. MARCO FELICIANO
PROFESSOR VICTÓRIO GALLI;5310388;23406;MT=PSC;148134;PROFESSOR VICTÓRIO GALLI
PROFESSORA DORINHA SEABRA REZENDE;5310683;2367;TO=DEM;160639;PROFESSORA DORINHA SEABRA REZENDE
PROFESSORA MARCIVANIA;5310503;2315;AP=PCdoB;160641;PROFESSORA MARCIVANIA
RAFAEL MOTTA;5310775;23123;RN=PSB;178951;RAFAEL MOTTA
RAIMUNDO GOMES DE MATOS;5310549;23102;CE=PSDB;74216;RAIMUNDO GOMES DE MATOS
RAQUEL MUNIZ;5310376;23258;MG=PSD;178998;RAQUEL MUNIZ
REGINALDO LOPES;5310494;23272;MG=PT;74161;REGINALDO LOPES
REJANE DIAS;5310460;23116;PI=PT;178925;REJANE DIAS
REMÍDIO MONAI;5310333;237;RR=PR;178960;REMÍDIO MONAI
RENATA ABREU;5310772;23330;SP=PTN;178989;RENATA ABREU
RENATO MOLLING;5310450;23511;RS=PP;141527;RENATO MOLLING
RENZO BRAZ;5310452;23262;MG=PP;160654;RENZO BRAZ
RICARDO BARROS;5310357;23462;PR=PP;73788;RICARDO BARROS
RICARDO IZAR;5310479;23383;SP=PP;160655;RICARDO IZAR
RICARDO TEOBALDO;5310593;23157;PE=PTN;178920;RICARDO TEOBALDO
RICARDO TRIPOLI;5310307;23384;SP=PSDB;141472;RICARDO TRIPOLI
ROBERTO ALVES;5310289;23387;SP=PRB;152610;ROBERTO ALVES
ROBERTO BALESTRA;5310602;23427;GO=PP;73674;ROBERTO BALESTRA
ROBERTO BRITTO;5310608;23211;BA=PP;141529;ROBERTO BRITTO
ROBERTO DE LUCENA;5310784;23385;SP=PV;160653;ROBERTO DE LUCENA
ROBERTO GÓES;5310334;2317;AP=PDT;178995;ROBERTO GÓES
ROBERTO SALES;5310540;23324;RJ=PRB;178944;ROBERTO SALES
ROCHA;5310688;2359;AC=PSDB;178840;ROCHA
RODRIGO DE CASTRO;5310453;23268;MG=PSDB;141531;RODRIGO DE CASTRO
RODRIGO GARCIA;5310480;23388;SP=DEM;88950;RODRIGO GARCIA
RODRIGO MAIA;5310464;23322;RJ=DEM;74693;RODRIGO MAIA
RODRIGO MARTINS;5310636;23117;PI=PSB;178926;RODRIGO MARTINS
RODRIGO PACHECO;5310584;23260;MG=PMDB;178897;RODRIGO PACHECO
ROGÉRIO MARINHO;5310463;23124;RN=PSDB;141535;ROGÉRIO MARINHO
ROGÉRIO PENINHA MENDONÇA;5310697;23483;SC=PMDB;160651;ROGÉRIO PENINHA MENDONÇA
ROGÉRIO ROSSO;5310553;23413;DF=PSD;160426;ROGÉRIO ROSSO
RÔMULO GOUVEIA;5310776;23134;PB=PSD;141536;RÔMULO GOUVEIA
RONALDO BENEDET;5310753;23484;SC=PMDB;160515;RONALDO BENEDET
RONALDO CARLETTO;5310566;23216;BA=PP;178861;RONALDO CARLETTO
RONALDO FONSECA;5310488;23414;DF=PROS;160637;RONALDO FONSECA
RONALDO LESSA;5310580;23173;AL=PDT;178845;RONALDO LESSA
RONALDO MARTINS;5310437;2391;CE=PRB;122466;RONALDO MARTINS
RONALDO NOGUEIRA;5310723;23517;RS=PTB;163321;RONALDO NOGUEIRA
RÔNEY NEMER;5310310;23415;DF=PP;178870;RÔNEY NEMER
ROSANGELA GOMES;5310662;23325;RJ=PRB;178945;ROSANGELA GOMES
RUBENS BUENO;5310573;23460;PR=PPS;73466;RUBENS BUENO
RUBENS OTONI;5310485;23425;GO=PT;74371;RUBENS OTONI
RUBENS PEREIRA JÚNIOR;5310306;2381;MA=PCdoB;178887;RUBENS PEREIRA JÚNIOR
SÁGUAS MORAES;5310560;23409;MT=PT;160630;SÁGUAS MORAES
SAMUEL MOREIRA;5310477;23389;SP=PSDB;178990;SAMUEL MOREIRA
SANDRO ALEX;5310763;23465;PR=PSD;160621;SANDRO ALEX
SARAIVA FELIPE;5310577;23265;MG=PMDB;74762;SARAIVA FELIPE
SARNEY FILHO;5310511;2385;MA=PV;74210;SARNEY FILHO
SEBASTIÃO OLIVEIRA;5310733;23159;PE=PR;178921;SEBASTIÃO OLIVEIRA
SÉRGIO BRITO;5310291;23213;BA=PSD;73808;SÉRGIO BRITO
SÉRGIO MORAES;5310340;23512;RS=PTB;141542;SÉRGIO MORAES
SÉRGIO REIS;5310603;23390;SP=PRB;178991;SÉRGIO REIS
SERGIO SOUZA;5310722;23467;PR=PMDB;178933;SERGIO SOUZA
SERGIO VIDIGAL;5310682;23283;ES=PDT;178874;SERGIO VIDIGAL
SERGIO ZVEITER;5310774;23320;RJ=PMDB;160612;SERGIO ZVEITER
SHÉRIDAN;5310489;238;RR=PSDB;178961;SHÉRIDAN
SIBÁ MACHADO;5310795;2358;AC=PT;160613;SIBÁ MACHADO
SILAS CÂMARA;5310401;2339;AM=PRB;74356;SILAS CÂMARA
SILVIO COSTA;5310641;23160;PE=PTdoB;4930;SILVIO COSTA
SILVIO TORRES;5310704;23391;SP=PSDB;73560;SILVIO TORRES
SIMÃO SESSIM;5310589;23327;RJ=PP;73424;SIMÃO SESSIM
SIMONE MORGADO;5310394;2335;PA=PMDB;178911;SIMONE MORGADO
SORAYA SANTOS;5310365;23328;RJ=PMDB;178946;SORAYA SANTOS
SÓSTENES CAVALCANTE;5310563;23329;RJ=DEM;178947;SÓSTENES CAVALCANTE
STEFANO AGUIAR;5310746;23267;MG=PSD;92776;STEFANO AGUIAR
SUBTENENTE GONZAGA;5310736;23273;MG=PDT;177282;SUBTENENTE GONZAGA
TADEU ALENCAR;5310425;23161;PE=PSB;178922;TADEU ALENCAR
TAKAYAMA;5310674;23469;PR=PSC;74385;TAKAYAMA
TAMPINHA;5310861;23565;MT=PSD;73831;TAMPINHA
TENENTE LÚCIO;5310759;23266;MG=PSB;178898;TENENTE LÚCIO
TEREZA CRISTINA;5310732;23437;MS=PSB;178901;TEREZA CRISTINA
THIAGO PEIXOTO;5310754;23424;GO=PSD;160617;THIAGO PEIXOTO
TIA ERON;5310767;23217;BA=PRB;178862;TIA ERON
TIRIRICA;5310378;23392;SP=PR;160976;TIRIRICA
TONINHO PINHEIRO;5310792;23264;MG=PP;160611;TONINHO PINHEIRO
TONINHO WANDSCHEER;5310417;23470;PR=PROS;178934;TONINHO WANDSCHEER
ULDURICO JUNIOR;5310447;23220;BA=PV;178863;ULDURICO JUNIOR
VALADARES FILHO;5310408;23183;SE=PSB;141384;VALADARES FILHO
VALDIR COLATTO;5310406;23489;SC=PMDB;74010;VALDIR COLATTO
VALMIR ASSUNÇÃO;5310418;23218;BA=PT;160610;VALMIR ASSUNÇÃO
VALMIR PRASCIDELLI;5310355;23393;SP=PT;113247;VALMIR PRASCIDELLI
VALTENIR PEREIRA;5310648;23404;MT=PMDB;141552;VALTENIR PEREIRA
VANDER LOUBET;5310534;23438;MS=PT;74376;VANDER LOUBET
VANDERLEI MACRIS;5310332;23394;SP=PSDB;141553;VANDERLEI MACRIS
VENEZIANO VITAL DO RÊGO;5310710;23137;PB=PMDB;178913;VENEZIANO VITAL DO RÊGO
VICENTE ARRUDA;5310845;23553;CE=PDT;74308;VICENTE ARRUDA
VICENTE CANDIDO;5310344;23395;SP=PT;160622;VICENTE CANDIDO
VICENTINHO;5310496;23396;SP=PT;74283;VICENTINHO
VICENTINHO JÚNIOR;5310708;2366;TO=PR;137070;VICENTINHO JÚNIOR
VICTOR MENDES;5310507;2382;MA=PSD;178888;VICTOR MENDES
VINICIUS CARVALHO;5310631;23397;SP=PRB;141555;VINICIUS CARVALHO
VINICIUS GURGEL;5310482;2316;AP=PR;160591;VINICIUS GURGEL
VITOR LIPPI;5310438;23399;SP=PSDB;178992;VITOR LIPPI
VITOR VALIM;5310640;23108;CE=PMDB;178869;VITOR VALIM
WADIH DAMOUS;5310842;23550;RJ=PT;189593;WADIH DAMOUS
WALDENOR PEREIRA;5310548;23219;BA=PT;160569;WALDENOR PEREIRA
WALDIR MARANHÃO;5310393;2384;MA=PP;141558;WALDIR MARANHÃO
WALTER ALVES;5310419;23125;RN=PMDB;178952;WALTER ALVES
WASHINGTON REIS;5310491;23326;RJ=PMDB;160620;WASHINGTON REIS
WELITON PRADO;5310380;23270;MG=PMB;160518;WELITON PRADO
WELLINGTON ROBERTO;5310395;23136;PB=PR;74043;WELLINGTON ROBERTO
WEVERTON ROCHA;5310409;2383;MA=PDT;167493;WEVERTON ROCHA
WILSON FILHO;5310752;23139;PB=PTB;160636;WILSON FILHO
WLADIMIR COSTA;5310474;2323;PA=SD;73930;WLADIMIR COSTA
WOLNEY QUEIROZ;5310303;23164;PE=PDT;74439;WOLNEY QUEIROZ
ZÉ CARLOS;5310644;2386;MA=PT;178889;ZÉ CARLOS
ZÉ GERALDO;5310518;2325;PA=PT;73931;ZÉ GERALDO
ZÉ SILVA;5310504;23271;MG=SD;160632;ZÉ SILVA
ZECA CAVALCANTI;5310626;23163;PE=PTB;178923;ZECA CAVALCANTI
ZECA DIRCEU;5310576;23468;PR=PT;160592;ZECA DIRCEU
ZECA DO PT;5310424;23440;MS=PT;178902;ZECA DO PT
ZENAIDE MAIA;5310392;23126;RN=PR;178949;ZENAIDE MAIA</select;</label; 